Date,Open,High,Low,Close,Adj Close,Volume,Trend
10/16/2014,174.525,182.15,171.000,172.125,167.82,28206,TRUE
10/17/2014,172.500,175.38,171.000,172.825,168.50,10104,FALSE
10/20/2014,177.425,177.43,170.025,173.525,169.18,12164,TRUE
10/21/2014,176.850,176.85,172.150,174.025,169.67,10200,FALSE
10/22/2014,175.450,176.50,174.000,174.250,169.89,8038,FALSE
10/27/2014,177.425,177.53,174.075,175.100,170.72,14468,TRUE
10/28/2014,176.000,176.85,171.525,174.125,169.77,11262,FALSE
10/29/2014,175.000,175.70,172.925,174.300,169.94,8854,FALSE
10/30/2014,174.500,175.50,174.000,174.000,169.64,4088,FALSE
10/31/2014,175.000,176.50,173.375,174.150,169.79,4452,TRUE
11/3/2014,176.925,188.00,176.925,181.800,177.25,58800,TRUE
11/5/2014,177.625,218.15,177.625,213.050,207.72,285302,TRUE
11/7/2014,219.100,237.00,213.300,230.550,224.78,418132,TRUE
11/10/2014,229.525,230.00,212.550,221.100,215.56,123170,TRUE
11/11/2014,225.250,235.65,219.000,226.275,220.61,98756,FALSE
11/12/2014,226.775,236.50,226.775,231.800,226.00,39448,TRUE
11/13/2014,233.800,233.98,225.050,226.250,220.59,18896,TRUE
11/14/2014,226.500,232.00,219.500,222.800,217.22,14084,FALSE
11/17/2014,224.500,231.50,218.175,222.400,216.83,30408,FALSE
11/18/2014,234.000,245.00,223.300,235.525,229.63,126292,TRUE
11/19/2014,239.000,244.38,230.475,233.625,227.78,40228,TRUE
11/20/2014,235.025,235.03,226.025,229.725,223.97,15856,FALSE
11/21/2014,229.675,235.00,227.100,230.825,225.05,11308,FALSE
11/24/2014,233.175,234.23,228.000,229.150,223.41,11006,TRUE
11/25/2014,231.025,231.03,222.350,223.500,217.90,10214,FALSE
11/26/2014,223.500,230.40,221.500,224.000,218.39,12116,FALSE
11/27/2014,225.500,228.45,223.850,224.350,218.73,3686,TRUE
11/28/2014,227.500,227.50,216.800,219.325,213.83,10022,TRUE
12/1/2014,189.250,226.98,189.250,214.875,209.50,7214,FALSE
12/2/2014,214.375,222.50,208.500,211.750,206.45,8312,TRUE
12/3/2014,214.600,218.75,213.500,217.275,211.84,12114,TRUE
12/4/2014,223.000,225.30,218.575,219.275,213.79,14300,TRUE
12/5/2014,221.425,223.50,217.650,218.475,213.01,4812,FALSE
12/8/2014,221.275,222.70,211.150,214.125,208.76,8426,FALSE
12/9/2014,213.000,213.98,204.525,205.375,200.23,10874,FALSE
12/10/2014,205.000,207.60,201.675,205.475,200.33,7084,FALSE
12/11/2014,204.000,205.00,196.575,200.875,195.85,8226,FALSE
12/12/2014,206.725,209.40,201.000,201.925,196.87,7818,TRUE
12/15/2014,202.500,203.33,197.125,197.650,192.70,7596,FALSE
12/16/2014,196.450,196.45,188.600,192.400,187.58,29042,FALSE
12/17/2014,195.000,196.95,190.500,195.400,190.51,8432,FALSE
12/18/2014,197.975,205.25,195.900,199.250,194.26,11580,TRUE
12/19/2014,203.850,204.35,201.125,202.800,197.72,4786,TRUE
12/22/2014,201.850,236.60,201.850,228.525,222.80,185158,FALSE
12/23/2014,229.500,235.88,223.500,226.450,220.78,78980,TRUE
12/24/2014,228.800,232.40,224.025,225.300,219.66,26694,FALSE
12/26/2014,225.000,226.78,217.275,222.650,217.08,30940,FALSE
12/29/2014,224.850,225.75,218.000,218.775,213.30,9786,FALSE
12/30/2014,219.700,235.85,218.000,226.425,220.76,38058,FALSE
12/31/2014,228.750,232.00,226.025,226.925,221.24,11500,TRUE
1/1/2015,226.725,231.20,222.000,223.775,218.17,12540,FALSE
1/2/2015,224.150,229.23,221.050,222.300,216.73,21674,FALSE
1/5/2015,224.100,230.55,221.425,225.025,219.39,8652,FALSE
1/6/2015,222.550,224.80,217.000,217.700,212.25,9126,FALSE
1/7/2015,217.500,221.55,215.750,218.800,213.32,5590,FALSE
1/8/2015,222.750,225.00,221.100,222.675,217.10,4044,TRUE
1/9/2015,225.450,225.45,218.500,220.550,215.03,8798,TRUE
1/12/2015,220.000,220.00,215.250,215.725,210.32,6034,FALSE
1/13/2015,215.500,217.50,210.525,212.525,207.20,12020,FALSE
1/14/2015,216.300,216.30,210.500,212.575,207.25,8774,TRUE
1/15/2015,216.000,216.00,209.375,212.075,206.77,8778,FALSE
1/16/2015,212.975,218.05,210.375,211.125,205.84,12294,FALSE
1/19/2015,217.500,217.50,211.000,212.800,207.47,7440,TRUE
1/20/2015,213.500,213.50,207.500,208.675,203.45,11728,FALSE
1/21/2015,209.975,222.00,208.650,210.900,205.62,35844,FALSE
1/22/2015,210.400,220.00,210.000,215.225,209.84,40030,TRUE
1/23/2015,216.200,217.08,210.000,211.625,206.33,10788,TRUE
1/27/2015,214.625,214.98,207.650,209.850,204.60,12770,FALSE
1/28/2015,210.375,212.35,203.500,205.075,199.94,7300,FALSE
1/29/2015,209.500,211.13,208.500,210.675,205.40,5670,FALSE
1/30/2015,211.000,214.00,206.700,207.200,202.01,6242,TRUE
2/2/2015,209.875,215.00,208.500,214.250,208.89,20330,FALSE
2/3/2015,215.500,215.73,208.000,209.225,203.99,11530,TRUE
2/4/2015,211.000,211.93,208.600,209.875,204.62,9114,FALSE
2/5/2015,210.150,218.00,200.550,205.325,200.18,638880,FALSE
2/6/2015,212.850,212.85,170.000,182.525,177.96,76588,TRUE
2/9/2015,187.500,206.30,184.000,194.075,189.22,106586,FALSE
2/10/2015,190.000,200.00,189.000,190.025,185.27,22900,TRUE
2/11/2015,193.800,228.00,192.750,216.400,210.98,211652,TRUE
2/12/2015,220.225,223.10,210.025,212.825,207.50,33992,TRUE
2/13/2015,214.675,215.00,206.100,206.600,201.43,9736,FALSE
2/16/2015,208.500,209.50,199.050,202.350,197.28,5902,FALSE
2/18/2015,199.500,204.25,198.000,200.150,195.14,9596,FALSE
2/19/2015,203.000,205.00,190.350,197.550,192.60,6896,TRUE
2/20/2015,202.450,203.00,197.000,198.250,193.29,9920,FALSE
2/23/2015,215.975,215.98,194.500,195.550,190.65,4852,TRUE
2/24/2015,195.500,195.50,189.300,191.600,186.80,5686,FALSE
2/25/2015,195.750,196.25,189.000,191.750,186.95,14978,TRUE
2/26/2015,192.000,192.00,186.850,189.800,185.05,3596,FALSE
2/27/2015,192.200,194.75,185.900,190.200,185.44,17418,TRUE
2/28/2015,null,null,null,null,null,null,#VALUE!
3/2/2015,191.350,193.95,186.200,191.950,187.14,6794,#VALUE!
3/3/2015,190.500,192.45,189.200,190.400,185.63,3478,FALSE
3/4/2015,191.500,194.85,190.000,190.700,185.93,11050,TRUE
3/5/2015,190.350,192.45,188.250,191.350,186.56,4548,FALSE
3/9/2015,190.500,193.20,187.500,189.000,184.27,6822,TRUE
3/10/2015,190.500,191.90,185.100,186.200,181.54,5092,FALSE
3/11/2015,189.000,189.20,182.500,183.100,178.52,10788,FALSE
3/12/2015,184.900,187.50,184.600,186.100,181.44,6506,FALSE
3/13/2015,188.850,197.80,188.800,191.200,186.41,30872,TRUE
3/16/2015,189.350,191.05,185.400,186.500,181.83,1584,TRUE
3/17/2015,190.000,200.00,188.500,192.500,187.68,9808,TRUE
3/18/2015,190.000,197.50,189.000,192.400,187.58,18828,FALSE
3/19/2015,192.500,192.75,187.750,189.050,184.32,4762,TRUE
3/20/2015,189.500,190.35,183.500,183.950,179.34,9310,FALSE
3/23/2015,185.150,192.35,185.050,189.000,184.27,26978,FALSE
3/24/2015,191.900,193.85,189.250,190.450,185.68,10480,TRUE
3/25/2015,190.000,190.90,187.850,189.900,185.15,13324,FALSE
3/26/2015,189.050,197.50,185.500,190.950,186.17,22346,FALSE
3/27/2015,189.500,191.50,186.000,188.750,184.02,6906,TRUE
3/30/2015,192.500,192.80,188.500,189.400,184.66,3258,TRUE
3/31/2015,191.000,191.00,187.850,188.600,183.88,1198,FALSE
4/1/2015,191.700,197.50,191.350,195.850,190.95,31296,TRUE
4/6/2015,199.850,215.80,198.300,210.800,205.52,49242,TRUE
4/7/2015,213.250,220.25,213.250,218.550,213.08,24904,TRUE
4/8/2015,219.500,220.65,211.750,213.100,207.76,11792,TRUE
4/9/2015,222.475,222.48,208.000,211.350,206.06,13366,TRUE
4/10/2015,210.850,247.50,210.700,237.950,231.99,136512,FALSE
4/13/2015,239.150,246.00,232.100,237.000,231.07,47568,TRUE
4/15/2015,240.150,251.40,237.550,238.550,232.58,47956,TRUE
4/16/2015,237.300,242.50,229.950,236.400,230.48,11566,FALSE
4/17/2015,236.050,236.05,223.050,226.900,221.22,7388,FALSE
4/20/2015,225.000,227.90,211.550,214.150,208.79,7014,FALSE
4/21/2015,216.000,228.75,213.050,216.950,211.52,8262,FALSE
4/22/2015,219.950,224.00,213.000,214.200,208.84,12140,TRUE
4/23/2015,217.650,223.75,215.500,217.150,211.71,4870,FALSE
4/24/2015,217.000,220.40,197.550,200.900,195.87,11642,FALSE
4/27/2015,201.900,202.40,191.900,199.950,194.94,4666,FALSE
4/28/2015,199.500,208.30,197.500,199.200,194.21,6092,FALSE
4/29/2015,202.750,203.00,194.000,195.350,190.46,4704,TRUE
4/30/2015,196.200,200.45,194.900,197.000,192.07,6882,FALSE
5/4/2015,200.050,201.45,196.450,199.100,194.12,4576,TRUE
5/5/2015,201.550,207.10,199.450,203.600,198.50,11496,TRUE
5/6/2015,203.800,203.80,188.500,192.400,187.58,12954,TRUE
5/7/2015,191.150,192.00,188.550,190.500,185.73,4336,FALSE
5/8/2015,194.500,194.50,189.450,190.200,185.44,5522,TRUE
5/11/2015,194.000,196.50,191.600,194.050,189.19,7440,FALSE
5/12/2015,193.100,193.55,188.400,190.600,185.83,16756,FALSE
5/13/2015,194.750,217.20,194.750,204.350,199.23,263840,TRUE
5/14/2015,205.000,205.00,196.000,197.900,192.95,32546,TRUE
5/15/2015,198.000,203.50,194.000,195.950,191.04,20450,FALSE
5/18/2015,198.500,207.50,197.000,200.600,195.58,14726,TRUE
5/19/2015,201.750,208.75,201.200,206.350,201.18,16844,TRUE
5/20/2015,208.900,212.60,202.750,206.200,201.04,16872,TRUE
5/21/2015,205.150,205.70,201.400,202.400,197.33,5134,FALSE
5/22/2015,202.550,206.00,198.050,199.550,194.55,5642,FALSE
5/25/2015,201.500,201.50,195.000,198.350,193.38,2714,FALSE
5/26/2015,201.000,201.00,196.100,198.500,193.53,1684,FALSE
5/27/2015,195.500,201.45,195.500,198.750,193.77,2906,FALSE
5/28/2015,198.800,198.80,195.100,195.450,190.56,2126,TRUE
5/29/2015,196.850,198.75,195.200,196.050,191.14,3952,FALSE
6/1/2015,196.200,196.20,192.500,193.350,188.51,3468,FALSE
6/2/2015,195.000,196.45,185.000,188.400,183.68,4464,FALSE
6/3/2015,187.000,191.00,181.500,184.000,179.39,3442,FALSE
6/4/2015,186.000,189.10,185.000,186.750,182.07,980,FALSE
6/5/2015,185.600,190.90,185.000,187.850,183.15,7610,FALSE
6/8/2015,189.100,189.10,180.600,183.250,178.66,5180,TRUE
6/9/2015,185.500,186.85,179.300,185.650,181.00,8248,FALSE
6/10/2015,191.100,191.10,177.600,181.950,177.39,5232,TRUE
6/11/2015,184.400,184.40,171.500,174.500,170.13,9758,FALSE
6/12/2015,175.000,176.00,172.000,175.700,171.30,7012,FALSE
6/15/2015,175.300,176.00,171.000,173.100,168.77,7022,TRUE
6/16/2015,173.600,186.70,156.200,176.450,172.03,89372,FALSE
6/17/2015,178.450,178.45,172.050,174.300,169.94,15578,TRUE
6/18/2015,175.950,175.95,167.500,171.150,166.86,25154,FALSE
6/19/2015,174.850,178.95,171.400,174.300,169.94,28210,FALSE
6/22/2015,175.800,182.48,175.800,181.375,176.83,7804,TRUE
6/23/2015,182.000,183.45,178.750,179.450,174.96,8310,TRUE
6/24/2015,181.225,181.93,173.400,175.500,171.11,4790,FALSE
6/25/2015,175.925,176.50,173.000,173.475,169.13,2126,FALSE
6/26/2015,174.950,174.95,173.175,173.625,169.28,5230,FALSE
6/29/2015,169.775,172.50,166.650,169.300,165.06,7294,FALSE
6/30/2015,172.500,172.50,166.400,168.250,164.04,12166,TRUE
7/1/2015,172.250,172.25,168.475,169.475,165.23,5516,FALSE
7/2/2015,171.950,191.10,171.500,181.525,176.98,725718,FALSE
7/3/2015,186.250,191.38,180.500,184.700,180.08,52850,TRUE
7/6/2015,184.500,190.68,181.125,187.625,182.93,35760,FALSE
7/7/2015,188.875,191.10,185.125,187.575,182.88,9060,TRUE
7/8/2015,184.200,189.95,183.550,183.925,179.32,6014,FALSE
7/9/2015,185.650,220.70,184.700,218.625,213.15,683726,TRUE
7/10/2015,225.500,253.70,223.850,243.350,237.26,639060,TRUE
7/13/2015,244.500,244.90,216.500,220.800,215.27,181406,TRUE
7/14/2015,222.425,237.50,220.975,223.900,218.29,160560,FALSE
7/15/2015,225.000,232.90,223.000,226.525,220.85,73308,TRUE
7/16/2015,228.050,228.10,220.500,221.200,215.66,20768,TRUE
7/17/2015,208.125,224.25,208.125,221.100,215.56,29218,FALSE
7/20/2015,221.150,229.90,221.150,223.250,217.66,65360,TRUE
7/21/2015,226.650,226.68,222.000,223.000,217.42,12954,TRUE
7/22/2015,222.725,224.30,217.500,220.900,215.37,5416,FALSE
7/23/2015,221.375,221.98,216.100,217.850,212.40,10146,FALSE
7/24/2015,216.000,221.80,212.850,213.250,207.91,14868,FALSE
7/27/2015,210.400,213.33,205.000,205.650,200.50,5154,FALSE
7/28/2015,210.000,234.50,209.875,215.350,209.96,146626,FALSE
7/29/2015,219.250,225.75,218.250,219.825,214.32,62052,TRUE
7/30/2015,221.750,222.38,215.250,216.175,212.02,14902,TRUE
7/31/2015,216.925,223.75,212.050,213.925,209.81,19736,FALSE
8/3/2015,216.600,216.68,207.500,210.850,206.79,19698,FALSE
8/4/2015,214.175,248.00,207.850,239.875,235.26,280230,FALSE
8/5/2015,244.000,249.20,240.000,244.100,239.40,80492,TRUE
8/6/2015,247.450,267.00,245.775,263.300,258.23,326186,TRUE
8/7/2015,265.025,273.45,255.000,258.525,253.55,117790,TRUE
8/10/2015,261.750,272.23,249.550,259.925,254.92,115140,FALSE
8/11/2015,261.975,272.65,260.000,262.975,257.92,128656,TRUE
8/12/2015,261.500,272.40,258.500,267.875,262.72,547982,FALSE
8/13/2015,270.850,273.68,263.000,264.225,259.14,125660,TRUE
8/14/2015,267.250,268.95,263.100,264.200,259.12,37698,FALSE
8/17/2015,261.500,282.50,261.500,279.200,273.83,186102,FALSE
8/18/2015,284.500,290.00,282.500,283.975,278.51,76340,TRUE
8/19/2015,283.800,286.45,277.525,280.725,275.32,27198,FALSE
8/20/2015,284.450,284.45,277.550,279.725,274.34,9272,TRUE
8/21/2015,275.525,279.10,267.000,274.825,269.54,21384,FALSE
8/24/2015,260.725,272.50,231.850,264.800,259.71,154668,FALSE
8/25/2015,271.100,280.00,262.525,277.900,272.55,109834,TRUE
8/26/2015,278.500,308.98,271.900,299.075,293.32,457718,TRUE
8/27/2015,309.850,313.65,284.425,289.600,284.03,83632,TRUE
8/28/2015,288.600,303.75,286.500,288.950,283.39,85742,FALSE
8/31/2015,285.400,294.90,282.500,283.600,278.14,30098,FALSE
9/1/2015,282.000,285.55,268.250,273.150,267.90,17714,FALSE
9/2/2015,275.000,282.48,269.200,278.325,272.97,28648,FALSE
9/3/2015,281.500,288.43,279.000,283.425,277.97,21096,TRUE
9/4/2015,285.000,298.43,280.575,293.975,288.32,32888,TRUE
9/7/2015,299.000,302.75,289.725,291.325,285.72,32274,TRUE
9/8/2015,291.575,297.48,273.925,278.075,272.73,20318,FALSE
9/9/2015,284.000,293.00,279.625,290.875,285.28,28840,FALSE
9/10/2015,290.000,298.60,276.250,294.550,288.88,47436,TRUE
9/11/2015,294.725,297.23,285.075,287.025,281.50,16880,TRUE
9/14/2015,293.500,293.53,284.300,285.475,279.98,12666,FALSE
9/15/2015,289.875,291.48,287.200,288.550,283.00,5556,FALSE
9/16/2015,291.000,291.35,287.300,289.500,283.93,7434,TRUE
9/18/2015,295.975,309.95,291.125,294.075,288.42,401386,TRUE
9/21/2015,293.000,293.00,288.325,291.275,285.67,9734,FALSE
9/22/2015,292.575,297.35,283.800,284.875,279.39,15630,FALSE
9/23/2015,284.550,290.00,283.125,284.900,279.42,11956,FALSE
9/24/2015,286.500,294.75,282.575,284.825,279.35,6584,TRUE
9/28/2015,287.500,289.78,282.500,283.875,278.41,4132,TRUE
9/29/2015,283.875,290.15,278.000,279.975,274.59,13976,FALSE
9/30/2015,286.500,288.35,275.000,277.275,271.94,10450,TRUE
10/1/2015,278.750,286.83,277.450,279.925,274.54,12692,FALSE
10/5/2015,282.500,290.35,281.500,286.675,281.16,21484,TRUE
10/6/2015,290.000,290.00,281.975,283.025,277.58,13162,TRUE
10/7/2015,282.500,286.08,279.125,280.075,274.69,5014,FALSE
10/8/2015,283.925,287.73,280.200,280.900,275.50,8414,TRUE
10/9/2015,282.225,286.00,278.500,280.450,275.06,8476,FALSE
10/12/2015,281.775,285.10,273.000,275.550,270.25,16902,FALSE
10/13/2015,273.450,278.50,273.450,275.550,270.25,8160,FALSE
10/14/2015,273.000,282.50,272.950,276.825,271.50,10732,FALSE
10/15/2015,279.900,281.13,274.025,275.200,269.91,2312,TRUE
10/16/2015,277.425,279.20,273.000,274.250,268.97,4612,FALSE
10/19/2015,277.300,277.30,270.000,272.175,266.94,3102,FALSE
10/20/2015,274.475,282.50,271.375,275.475,270.18,5830,FALSE
10/21/2015,277.600,278.00,273.750,274.125,268.85,1506,TRUE
10/23/2015,228.050,278.88,228.050,274.450,269.17,2406,FALSE
10/26/2015,272.875,276.00,271.275,274.125,268.85,2308,TRUE
10/27/2015,275.500,277.20,271.500,272.450,267.21,3330,TRUE
10/28/2015,274.525,276.53,272.575,274.650,269.37,3344,FALSE
10/29/2015,277.500,279.00,274.975,276.200,270.89,4644,TRUE
10/30/2015,276.375,282.58,270.225,273.150,267.90,18932,FALSE
11/2/2015,273.500,275.63,270.850,274.125,268.85,10576,FALSE
11/3/2015,272.525,312.50,272.500,294.075,288.42,179242,FALSE
11/4/2015,295.500,308.25,292.500,295.225,289.55,83576,TRUE
11/5/2015,297.500,298.53,283.000,285.950,280.45,11168,TRUE
11/6/2015,284.750,296.00,283.625,288.700,283.15,10074,FALSE
11/9/2015,288.700,291.05,276.000,288.050,282.51,9684,TRUE
11/10/2015,291.225,296.00,283.400,286.225,280.72,12718,TRUE
11/13/2015,292.400,293.75,286.000,286.900,281.38,12630,TRUE
11/16/2015,292.075,306.18,290.150,293.000,287.36,76272,FALSE
11/17/2015,249.500,298.00,249.500,290.550,284.96,20932,FALSE
11/18/2015,288.275,292.53,278.025,279.300,273.93,16780,TRUE
11/19/2015,284.975,286.90,272.000,273.925,268.66,13654,FALSE
11/20/2015,275.000,284.28,265.000,279.125,273.76,22412,FALSE
11/23/2015,284.475,295.00,284.475,293.300,287.66,23904,TRUE
11/24/2015,292.400,295.90,291.000,292.475,286.85,12298,TRUE
11/26/2015,290.125,293.03,283.000,285.075,279.59,11192,FALSE
11/27/2015,287.000,292.50,280.075,290.225,284.64,12168,FALSE
11/30/2015,292.000,300.95,288.875,298.350,292.61,26114,TRUE
12/1/2015,296.250,301.85,289.750,291.350,285.75,14050,TRUE
12/2/2015,292.075,306.83,290.500,295.800,290.11,31568,FALSE
12/3/2015,295.450,296.38,289.050,292.300,286.68,16874,TRUE
12/4/2015,290.175,296.75,286.500,287.925,282.39,16502,FALSE
12/7/2015,303.500,313.00,300.000,303.650,297.81,62568,TRUE
12/8/2015,302.075,311.48,293.125,299.975,294.20,29932,FALSE
12/9/2015,297.200,305.00,288.500,292.150,286.53,21240,FALSE
12/10/2015,293.000,295.23,266.500,289.625,284.05,14872,FALSE
12/11/2015,299.500,299.50,287.750,290.950,285.35,6374,TRUE
12/14/2015,287.500,290.40,283.100,287.825,282.29,13384,FALSE
12/15/2015,290.000,290.00,284.025,288.775,283.22,7912,TRUE
12/16/2015,286.500,291.50,283.000,288.075,282.53,4972,FALSE
12/17/2015,291.500,306.90,289.625,304.725,298.86,27354,TRUE
12/18/2015,300.750,327.33,300.750,316.000,309.92,129866,TRUE
12/21/2015,317.500,322.65,310.000,314.050,308.01,25728,TRUE
12/22/2015,312.500,312.55,301.475,303.225,297.39,12456,FALSE
12/23/2015,305.300,312.00,304.050,306.200,300.31,11490,FALSE
12/24/2015,306.775,311.45,304.050,304.950,299.08,14994,TRUE
12/28/2015,305.425,312.45,305.425,309.400,303.45,13286,FALSE
12/29/2015,312.500,313.10,303.325,307.650,301.73,20606,TRUE
12/30/2015,308.000,311.48,305.350,309.475,303.52,11168,FALSE
12/31/2015,309.375,321.50,307.750,318.800,312.67,18060,TRUE
1/1/2016,322.500,326.30,312.825,315.925,309.85,25896,TRUE
1/4/2016,312.500,316.45,305.600,308.100,302.17,7756,FALSE
1/5/2016,312.500,323.40,307.600,318.975,312.84,25102,FALSE
1/6/2016,320.725,320.73,312.000,313.875,307.84,19626,TRUE
1/7/2016,313.000,314.78,301.500,304.300,298.45,12234,FALSE
1/8/2016,308.200,315.00,306.575,311.200,305.21,10426,FALSE
1/11/2016,312.500,312.50,304.000,305.425,299.55,8106,TRUE
1/12/2016,310.000,311.83,305.675,306.250,300.36,6320,FALSE
1/13/2016,306.875,317.50,295.525,303.275,297.44,15302,FALSE
1/14/2016,300.000,311.00,297.500,305.025,299.16,5518,FALSE
1/15/2016,302.075,307.13,275.350,288.725,283.17,7268,TRUE
1/18/2016,283.600,287.90,265.500,274.600,269.32,4460,FALSE
1/19/2016,285.550,285.55,269.500,275.125,269.83,4300,TRUE
1/20/2016,275.400,278.75,270.550,272.275,267.04,2148,FALSE
1/21/2016,279.000,286.13,273.150,281.325,275.91,4830,TRUE
1/22/2016,285.975,300.95,283.000,293.625,287.98,9360,TRUE
1/25/2016,296.450,298.83,289.750,291.975,286.36,6384,TRUE
1/27/2016,295.000,302.70,292.500,297.675,291.95,8508,FALSE
1/28/2016,299.750,302.50,296.800,300.475,294.69,5058,TRUE
1/29/2016,302.500,303.50,297.500,298.325,292.59,1898,TRUE
2/1/2016,305.000,322.50,302.100,319.675,313.53,30478,TRUE
2/2/2016,319.525,328.85,312.075,313.600,307.57,16900,TRUE
2/3/2016,310.000,323.00,308.800,319.475,313.33,12502,FALSE
2/4/2016,327.500,334.85,316.775,320.000,313.84,26558,TRUE
2/5/2016,324.350,327.23,316.350,318.000,311.88,13028,FALSE
2/8/2016,320.000,322.50,311.400,312.675,306.66,6636,FALSE
2/9/2016,312.500,314.33,304.625,305.825,299.94,2938,FALSE
2/10/2016,307.500,307.50,297.500,300.300,294.52,15614,FALSE
2/11/2016,301.000,301.25,287.500,290.050,284.47,4982,FALSE
2/12/2016,285.000,286.90,279.000,280.500,275.10,5506,FALSE
2/15/2016,287.475,292.50,287.000,288.500,282.95,2048,TRUE
2/16/2016,289.200,308.80,287.500,293.475,287.83,19652,TRUE
2/17/2016,297.725,297.73,290.050,292.975,287.34,12720,TRUE
2/18/2016,297.000,306.50,292.500,294.975,289.30,7030,FALSE
2/19/2016,293.900,297.50,286.975,293.400,287.76,4430,FALSE
2/22/2016,295.500,297.50,291.425,292.700,287.07,1422,TRUE
2/23/2016,295.000,295.33,286.650,289.250,283.69,1430,FALSE
2/24/2016,287.500,288.50,284.500,286.375,280.87,1038,FALSE
2/25/2016,286.350,291.33,284.525,286.775,281.26,12216,FALSE
2/26/2016,291.250,293.43,285.475,285.925,280.42,4370,TRUE
2/29/2016,285.000,288.38,280.225,286.075,280.57,2052,FALSE
3/1/2016,289.875,292.50,288.625,289.625,284.05,3100,TRUE
3/2/2016,294.125,294.78,290.250,291.625,286.02,1798,TRUE
3/3/2016,293.400,293.55,287.500,289.550,283.98,11840,FALSE
3/4/2016,291.575,297.75,287.675,289.725,284.15,6042,FALSE
3/8/2016,290.250,293.15,285.000,286.175,280.67,2996,FALSE
3/9/2016,284.500,288.65,282.500,287.250,281.72,4248,FALSE
3/10/2016,290.000,292.83,280.600,282.425,276.99,6988,TRUE
3/11/2016,284.500,291.00,283.800,289.450,283.88,3790,FALSE
3/14/2016,289.275,296.95,288.500,295.450,289.77,8388,TRUE
3/15/2016,297.500,301.25,292.950,298.025,292.29,9220,TRUE
3/16/2016,295.000,296.50,292.325,294.700,289.03,652,FALSE
3/17/2016,297.500,298.78,281.250,290.250,284.67,4874,TRUE
3/18/2016,293.500,294.88,289.100,291.025,285.43,920,FALSE
3/21/2016,294.975,298.13,289.050,295.225,289.55,1660,TRUE
3/22/2016,297.500,302.50,295.650,297.550,291.83,1350,TRUE
3/23/2016,295.000,296.25,291.875,293.050,287.41,1338,FALSE
3/28/2016,294.250,297.00,287.500,289.375,283.81,2088,FALSE
3/29/2016,291.500,294.88,286.000,288.975,283.42,1346,FALSE
3/30/2016,293.000,294.70,290.450,291.475,285.87,1786,TRUE
3/31/2016,293.100,300.00,288.500,296.700,290.99,2230,TRUE
4/1/2016,300.000,300.00,296.000,297.900,292.17,2176,TRUE
4/4/2016,299.500,312.48,297.625,306.625,300.73,4038,FALSE
4/5/2016,300.000,322.50,292.500,300.650,294.87,16750,TRUE
4/6/2016,302.500,305.38,300.250,304.950,299.08,3260,TRUE
4/7/2016,302.500,305.25,298.425,300.650,294.87,1304,FALSE
4/8/2016,299.125,303.50,298.000,300.400,294.62,972,FALSE
4/11/2016,303.975,305.53,299.025,302.250,296.44,3368,TRUE
4/12/2016,297.500,308.68,296.500,303.975,298.13,5326,FALSE
4/13/2016,307.500,307.50,301.025,301.650,295.85,1116,TRUE
4/18/2016,305.600,305.60,295.500,297.925,292.19,3248,FALSE
4/20/2016,295.000,295.00,287.250,289.425,283.86,5366,FALSE
4/21/2016,293.500,294.98,290.100,291.525,285.92,1214,FALSE
4/22/2016,292.000,296.50,285.000,291.925,286.31,5350,FALSE
4/25/2016,292.500,294.43,288.750,290.075,284.49,1090,TRUE
4/26/2016,290.100,290.10,287.500,288.525,282.97,2248,FALSE
4/27/2016,291.000,292.00,288.775,289.450,283.88,448,TRUE
4/28/2016,289.500,293.50,283.275,289.000,283.44,3850,FALSE
4/29/2016,287.375,289.10,284.550,287.350,281.82,6964,FALSE
5/2/2016,288.275,293.18,284.125,288.450,282.90,5822,TRUE
5/3/2016,290.000,293.98,285.000,289.725,284.15,3414,TRUE
5/4/2016,287.400,291.00,283.000,284.575,279.10,1306,FALSE
5/5/2016,282.925,289.50,282.925,284.275,278.81,2932,FALSE
5/6/2016,285.525,290.93,280.250,287.025,281.50,5848,TRUE
5/9/2016,285.000,289.45,284.675,289.250,283.69,5448,FALSE
5/10/2016,287.500,289.50,285.025,286.850,281.33,2606,TRUE
5/11/2016,285.000,289.45,283.500,289.100,283.54,904,FALSE
5/12/2016,288.500,289.25,286.250,286.925,281.41,7502,TRUE
5/13/2016,286.500,291.00,281.075,284.750,279.27,8180,FALSE
5/16/2016,279.050,281.00,265.000,279.750,274.37,26016,FALSE
5/17/2016,280.175,280.18,268.250,272.550,267.31,9388,TRUE
5/18/2016,272.500,276.83,269.500,274.375,269.10,1720,FALSE
5/19/2016,274.100,274.93,267.550,271.625,266.40,4308,TRUE
5/20/2016,272.500,272.50,255.500,261.550,256.52,2936,FALSE
5/23/2016,261.500,267.33,256.625,258.750,253.77,2704,FALSE
5/24/2016,267.500,267.50,252.550,254.175,249.29,1244,TRUE
5/25/2016,252.500,257.45,248.000,252.950,248.08,6576,FALSE
5/26/2016,260.000,264.00,258.200,261.775,256.74,2830,TRUE
5/27/2016,261.000,261.00,253.875,255.550,250.63,2244,TRUE
5/30/2016,254.050,262.45,253.000,261.300,256.27,2946,FALSE
5/31/2016,262.450,276.50,260.000,272.400,267.16,3792,TRUE
6/1/2016,277.500,280.60,273.100,276.750,271.43,1754,TRUE
6/2/2016,272.575,279.98,267.250,277.175,271.84,1762,FALSE
6/3/2016,271.025,272.00,268.950,269.300,264.12,4804,FALSE
6/6/2016,274.000,280.00,272.550,275.175,269.88,1712,TRUE
6/7/2016,275.025,275.03,272.500,274.025,268.75,258,TRUE
6/8/2016,277.500,277.50,272.500,273.125,267.87,236,TRUE
6/9/2016,272.500,272.50,268.275,269.675,264.49,1096,FALSE
6/10/2016,272.500,273.98,265.025,266.275,261.15,1222,FALSE
6/13/2016,270.000,270.00,267.075,268.925,263.75,410,FALSE
6/14/2016,267.500,267.50,260.375,263.825,258.75,528,FALSE
6/15/2016,265.000,267.95,264.625,265.900,260.78,462,FALSE
6/16/2016,264.000,266.00,262.500,263.925,258.85,542,FALSE
6/17/2016,264.000,266.00,260.025,261.100,256.08,2346,FALSE
6/20/2016,260.000,267.53,259.950,264.675,259.58,2514,FALSE
6/21/2016,265.200,289.18,265.000,274.150,268.88,12620,TRUE
6/22/2016,272.950,277.00,265.000,271.750,266.52,3520,TRUE
6/23/2016,274.250,280.00,271.000,273.875,268.61,1368,TRUE
6/24/2016,260.000,279.95,243.500,279.400,274.03,9084,FALSE
6/27/2016,279.400,280.45,268.350,274.750,269.46,3800,TRUE
6/28/2016,279.000,280.00,274.050,276.675,271.35,1502,FALSE
6/29/2016,277.500,279.50,270.750,276.500,271.18,2444,FALSE
6/30/2016,276.050,277.00,271.825,275.525,270.22,2052,FALSE
7/1/2016,277.500,278.68,275.500,276.575,271.25,3460,TRUE
7/4/2016,277.500,278.60,271.000,274.975,269.69,1288,FALSE
7/5/2016,272.500,283.50,272.500,277.575,272.24,7402,FALSE
7/7/2016,276.000,280.73,274.500,276.275,270.96,1626,TRUE
7/8/2016,272.750,280.00,272.500,277.800,272.46,1202,FALSE
7/11/2016,277.025,278.03,272.500,274.775,269.49,4966,TRUE
7/12/2016,275.600,276.43,272.500,273.325,268.07,1216,FALSE
7/13/2016,273.500,275.00,265.050,269.175,264.00,3778,FALSE
7/14/2016,271.100,278.08,269.175,275.800,270.49,6068,FALSE
7/15/2016,274.000,276.50,270.750,272.225,266.99,1856,TRUE
7/18/2016,276.500,276.50,263.250,269.575,264.39,7698,TRUE
7/19/2016,273.775,275.75,271.575,274.900,269.61,3700,FALSE
7/20/2016,275.000,275.73,266.500,273.975,268.70,2394,TRUE
7/21/2016,273.525,275.00,270.750,271.750,266.52,536,FALSE
7/22/2016,271.000,275.65,268.750,273.875,268.61,5308,FALSE
7/25/2016,276.250,283.90,276.250,280.075,274.69,5982,TRUE
7/26/2016,280.850,282.98,271.425,274.025,268.75,3202,TRUE
7/27/2016,274.325,280.00,274.050,277.500,272.16,5574,FALSE
7/28/2016,275.925,277.73,272.550,274.500,269.22,2330,TRUE
7/29/2016,275.925,277.98,271.525,274.600,269.32,5718,FALSE
8/1/2016,276.000,278.00,270.250,271.900,268.43,4606,TRUE
8/2/2016,274.725,275.38,268.500,269.275,265.84,5082,FALSE
8/3/2016,273.325,275.00,267.650,269.225,265.79,1432,FALSE
8/4/2016,269.400,280.00,267.700,274.925,271.42,5320,FALSE
8/5/2016,275.250,289.98,268.800,273.400,269.91,27242,TRUE
8/8/2016,275.000,281.15,270.500,272.675,269.19,3274,FALSE
8/9/2016,277.500,280.00,271.250,272.125,268.65,1410,TRUE
8/10/2016,277.500,277.75,267.775,273.500,270.01,2496,FALSE
8/11/2016,273.450,276.15,271.625,274.325,270.82,1194,FALSE
8/12/2016,275.000,276.20,269.050,270.900,267.44,2426,TRUE
8/16/2016,270.900,270.90,257.225,264.075,260.70,9538,FALSE
8/17/2016,265.425,270.00,265.000,265.550,262.16,5452,FALSE
8/18/2016,270.000,271.30,266.575,268.400,264.97,2152,TRUE
8/19/2016,270.000,306.00,270.000,290.750,287.04,3053262,FALSE
8/22/2016,292.450,293.00,273.000,279.975,276.40,35776,TRUE
8/23/2016,277.500,281.50,270.050,270.675,267.22,14542,FALSE
8/24/2016,271.625,278.50,271.000,275.475,271.96,5750,FALSE
8/25/2016,275.500,283.80,275.000,279.175,275.61,21006,TRUE
8/26/2016,281.400,282.43,272.500,273.375,269.89,7220,TRUE
8/29/2016,274.650,278.53,273.925,277.500,273.96,3254,FALSE
8/30/2016,276.550,277.43,271.275,272.950,269.47,4214,TRUE
8/31/2016,273.600,276.95,273.600,275.850,272.33,4118,FALSE
9/1/2016,277.500,278.80,264.975,271.675,268.21,7302,TRUE
9/2/2016,272.200,274.98,269.550,272.600,269.12,1648,FALSE
9/6/2016,275.000,276.38,272.500,275.850,272.33,1974,TRUE
9/7/2016,280.000,280.00,270.250,270.250,266.80,3930,TRUE
9/8/2016,272.275,276.03,271.450,273.500,270.01,1430,FALSE
9/9/2016,276.500,277.60,271.950,272.475,269.00,1016,TRUE
9/12/2016,270.000,271.73,269.000,269.325,265.89,306,FALSE
9/14/2016,268.600,287.25,267.775,276.725,273.19,7114,FALSE
9/15/2016,280.000,281.90,274.000,277.975,274.43,5658,TRUE
9/16/2016,276.500,276.50,271.825,272.825,269.34,1680,FALSE
9/19/2016,272.500,275.00,272.025,274.700,271.19,1682,FALSE
9/20/2016,271.725,275.00,270.025,270.650,267.20,1436,FALSE
9/21/2016,270.025,274.95,267.675,269.050,265.62,1702,FALSE
9/22/2016,270.775,272.68,264.000,269.600,266.16,3804,TRUE
9/23/2016,269.250,272.50,269.000,270.575,267.12,2524,FALSE
9/26/2016,270.400,271.33,268.500,269.025,265.59,966,TRUE
9/27/2016,272.500,273.93,267.500,268.700,265.27,152,TRUE
9/28/2016,269.000,269.13,265.050,266.400,263.00,608,FALSE
9/29/2016,269.700,272.90,248.800,258.925,255.62,7690,TRUE
9/30/2016,266.025,268.35,261.800,264.600,261.22,1264,FALSE
10/3/2016,265.000,272.33,265.000,270.675,267.22,2388,FALSE
10/4/2016,270.675,275.00,267.750,269.650,266.21,992,TRUE
10/5/2016,272.475,272.50,266.150,267.200,263.79,906,TRUE
10/6/2016,270.350,272.50,268.575,269.625,266.18,1896,FALSE
10/7/2016,268.150,271.75,262.125,268.950,265.52,1048,FALSE
10/10/2016,269.225,273.00,267.325,269.000,265.57,2266,TRUE
10/13/2016,266.775,270.85,263.500,269.900,266.45,1848,FALSE
10/14/2016,266.325,269.00,264.975,267.850,264.43,4696,FALSE
10/17/2016,267.500,270.00,266.225,269.675,266.23,2506,TRUE
10/18/2016,267.500,270.18,262.850,267.550,264.13,3920,FALSE
10/19/2016,268.400,275.00,268.400,270.150,266.70,1850,TRUE
10/20/2016,269.775,270.50,265.900,268.050,264.63,2764,TRUE
10/21/2016,268.300,271.88,266.000,270.050,266.60,3710,FALSE
10/24/2016,272.500,289.00,270.625,280.775,277.19,40402,TRUE
10/25/2016,277.500,281.50,276.525,279.375,275.81,3220,TRUE
10/26/2016,280.025,282.88,276.000,277.075,273.54,2254,TRUE
10/27/2016,275.775,280.13,271.650,277.175,273.64,440,FALSE
10/28/2016,276.875,280.50,276.000,279.775,276.20,2494,TRUE
11/1/2016,280.050,280.05,274.450,276.625,273.09,2750,TRUE
11/2/2016,276.000,276.00,273.400,273.925,270.43,1552,FALSE
11/3/2016,274.650,276.63,268.275,271.600,268.13,2282,FALSE
11/4/2016,272.525,274.00,267.500,268.700,265.27,2222,FALSE
11/7/2016,272.500,276.15,270.625,274.425,270.92,1876,FALSE
11/8/2016,275.975,282.50,273.050,277.650,274.11,4282,TRUE
11/9/2016,250.025,272.50,245.000,267.450,264.04,8518,FALSE
11/10/2016,281.775,282.00,271.000,277.700,274.16,10536,TRUE
11/11/2016,271.750,271.75,266.250,267.700,264.28,2080,FALSE
11/15/2016,269.950,269.95,256.075,258.775,255.47,4824,FALSE
11/16/2016,267.500,267.70,261.250,264.975,261.59,5664,FALSE
11/17/2016,262.975,265.50,262.725,264.300,260.93,1288,FALSE
11/18/2016,262.475,269.38,260.600,263.500,260.14,5528,FALSE
11/21/2016,267.500,267.50,255.000,258.850,255.55,2082,TRUE
11/22/2016,260.625,260.63,252.500,256.150,252.88,744,FALSE
11/23/2016,255.000,264.50,255.000,264.100,260.73,4024,FALSE
11/24/2016,261.500,264.15,260.000,263.200,259.84,520,TRUE
11/25/2016,261.000,264.35,260.000,262.525,259.17,3310,FALSE
11/28/2016,261.275,280.70,261.000,266.850,263.44,6486,TRUE
11/29/2016,265.000,270.00,259.150,264.675,261.30,2820,TRUE
11/30/2016,264.850,264.85,259.875,261.175,257.84,13402,FALSE
12/1/2016,264.500,265.38,262.000,262.125,258.78,1126,FALSE
12/2/2016,262.400,264.43,260.175,260.725,257.40,374,FALSE
12/5/2016,262.500,262.50,255.400,257.800,254.51,3682,TRUE
12/6/2016,256.500,264.50,250.950,253.000,249.77,4770,FALSE
12/7/2016,255.000,259.88,252.500,255.500,252.24,4824,FALSE
12/8/2016,257.500,261.73,256.975,259.000,255.69,1916,TRUE
12/9/2016,259.000,259.00,255.500,258.200,254.90,200,TRUE
12/12/2016,255.725,256.28,251.550,252.350,249.13,366,FALSE
12/13/2016,252.100,258.10,250.375,252.800,249.57,714,FALSE
12/14/2016,253.700,259.00,249.000,251.125,247.92,5880,TRUE
12/15/2016,250.300,253.45,247.500,250.750,247.55,4276,FALSE
12/16/2016,250.325,255.00,227.500,252.950,249.72,1642,TRUE
12/19/2016,252.525,254.50,249.250,251.575,248.36,766,TRUE
12/20/2016,253.825,260.00,245.750,247.925,244.76,1566,TRUE
12/21/2016,249.025,251.50,246.050,249.850,246.66,3696,FALSE
12/22/2016,247.750,250.83,246.050,248.250,245.08,2304,FALSE
12/23/2016,247.825,247.83,237.000,239.375,236.32,3492,TRUE
12/26/2016,235.500,241.95,225.050,227.750,224.84,6920,FALSE
12/27/2016,230.000,230.48,224.025,226.850,223.95,2662,FALSE
12/28/2016,228.800,232.00,222.525,223.625,220.77,7172,FALSE
12/29/2016,222.750,230.00,219.000,219.875,217.07,3916,FALSE
12/30/2016,222.500,229.48,222.000,223.875,221.02,16852,FALSE
1/2/2017,225.000,228.35,223.000,224.225,221.36,3110,TRUE
1/3/2017,225.450,236.00,220.250,233.450,230.47,12434,TRUE
1/4/2017,236.000,237.53,234.000,235.250,232.25,6088,TRUE
1/5/2017,235.000,235.00,229.650,232.675,229.70,916,FALSE
1/6/2017,235.000,237.43,232.975,234.025,231.04,848,FALSE
1/9/2017,235.300,236.50,230.250,233.800,230.82,544,TRUE
1/10/2017,232.500,238.50,232.500,237.575,234.54,636,FALSE
1/11/2017,235.000,239.00,235.000,236.625,233.60,4480,TRUE
1/12/2017,235.000,238.88,234.450,235.500,232.49,1348,FALSE
1/13/2017,235.225,239.08,235.200,237.325,234.30,308,TRUE
1/16/2017,235.075,235.80,233.500,233.900,230.91,2656,FALSE
1/17/2017,232.500,233.75,229.025,229.825,226.89,6028,FALSE
1/18/2017,232.500,236.95,232.125,234.525,231.53,9504,FALSE
1/19/2017,233.025,234.50,223.500,232.300,229.33,10914,TRUE
1/20/2017,232.300,235.23,231.000,234.625,231.63,1668,FALSE
1/23/2017,235.000,235.00,230.100,231.850,228.89,1052,TRUE
1/24/2017,233.425,235.05,230.750,234.950,231.95,4496,FALSE
1/25/2017,235.000,236.70,231.250,235.425,232.42,11776,TRUE
1/27/2017,236.000,238.50,235.000,235.725,232.72,3742,TRUE
1/30/2017,237.475,237.50,235.275,235.975,232.96,500,TRUE
1/31/2017,237.500,242.45,230.625,233.950,230.96,3746,TRUE
2/1/2017,233.000,242.50,232.500,238.700,235.65,101194,FALSE
2/2/2017,239.000,246.83,239.000,243.175,240.07,6316,TRUE
2/3/2017,245.000,251.98,243.000,247.175,244.02,670,TRUE
2/6/2017,247.500,247.50,230.000,239.550,236.49,4134,TRUE
2/7/2017,240.000,240.38,234.900,239.200,236.15,2410,FALSE
2/8/2017,239.550,246.50,239.550,242.625,239.53,758,FALSE
2/9/2017,243.000,244.50,240.450,241.325,238.24,2864,TRUE
2/10/2017,243.400,248.50,242.675,244.250,241.13,3252,TRUE
2/13/2017,244.500,244.50,240.000,241.600,238.52,274,TRUE
2/14/2017,240.500,240.50,234.550,236.800,233.78,2472,FALSE
2/15/2017,238.000,242.68,237.150,240.550,237.48,1744,FALSE
2/16/2017,240.000,241.30,237.000,238.225,235.18,4358,TRUE
2/17/2017,242.000,247.50,238.500,239.750,236.69,1562,TRUE
2/20/2017,241.000,241.50,231.675,234.950,231.95,4678,FALSE
2/21/2017,236.050,240.00,229.375,237.650,234.62,2300,FALSE
2/22/2017,240.000,243.25,236.400,238.350,235.31,1398,TRUE
2/23/2017,239.975,242.55,239.200,239.400,236.34,7060,FALSE
2/27/2017,243.575,243.70,236.525,239.575,236.52,3296,TRUE
2/28/2017,242.500,244.60,240.425,241.100,238.02,1578,FALSE
3/1/2017,242.500,249.50,240.050,242.575,239.48,1548,FALSE
3/2/2017,242.500,276.00,242.400,259.450,256.14,27770,FALSE
3/3/2017,260.000,267.50,260.000,266.375,262.97,13570,TRUE
3/6/2017,267.500,268.03,260.250,263.200,259.84,4928,TRUE
3/7/2017,265.000,265.00,259.200,262.000,258.66,474,FALSE
3/8/2017,259.500,272.50,257.750,267.650,264.23,5210,FALSE
3/9/2017,265.000,265.73,259.175,262.850,259.49,10402,TRUE
3/10/2017,263.500,265.50,260.350,263.900,260.53,6834,FALSE
3/14/2017,265.950,267.08,261.325,264.125,260.75,2906,TRUE
3/15/2017,264.950,264.98,255.950,257.650,254.36,6826,FALSE
3/16/2017,256.425,264.50,255.050,257.375,254.09,1432,FALSE
3/17/2017,257.500,260.70,256.800,257.675,254.39,862,TRUE
3/20/2017,260.875,267.40,259.125,261.075,257.74,4626,TRUE
3/21/2017,260.200,282.50,260.200,267.025,263.62,18650,FALSE
3/22/2017,264.650,266.95,257.025,262.675,259.32,1344,TRUE
3/23/2017,260.900,268.00,259.500,260.525,257.20,760,FALSE
3/24/2017,260.325,264.03,255.125,257.550,254.26,4250,FALSE
3/27/2017,265.575,265.58,253.300,254.075,250.83,3516,TRUE
3/28/2017,255.700,258.83,252.000,252.600,249.38,378,FALSE
3/29/2017,252.500,270.00,250.100,266.400,263.00,347368,FALSE
3/30/2017,261.400,265.00,260.500,262.800,259.45,2732,TRUE
3/31/2017,263.100,275.18,261.150,269.025,265.59,2696,TRUE
4/3/2017,267.000,274.98,265.500,267.600,264.18,3944,TRUE
4/5/2017,267.500,276.60,267.500,269.975,266.53,10564,TRUE
4/6/2017,273.350,275.18,272.500,273.775,270.28,1688,TRUE
4/7/2017,272.500,273.60,270.500,271.300,267.84,5216,FALSE
4/10/2017,270.525,271.05,263.800,267.175,263.76,1308,FALSE
4/11/2017,265.000,269.00,263.000,266.500,263.10,2692,FALSE
4/12/2017,263.525,264.93,260.375,264.400,261.02,1444,FALSE
4/13/2017,270.000,270.00,261.450,262.600,259.25,1586,TRUE
4/17/2017,262.400,262.40,260.025,260.900,257.57,416,FALSE
4/18/2017,264.425,265.63,260.800,262.150,258.80,1938,TRUE
4/19/2017,264.400,264.40,263.250,263.250,259.89,8,FALSE
4/20/2017,264.975,264.98,260.925,263.350,259.99,1186,TRUE
4/21/2017,262.500,264.40,260.175,262.650,259.30,1476,FALSE
4/24/2017,262.600,269.00,260.975,267.125,263.72,5502,TRUE
4/25/2017,264.000,267.13,263.175,264.400,261.02,2228,TRUE
4/26/2017,268.000,276.00,265.900,271.025,267.57,5862,TRUE
4/27/2017,271.025,275.00,267.975,269.400,265.96,1708,TRUE
4/28/2017,271.500,276.80,268.000,268.000,264.58,4128,TRUE
5/2/2017,275.350,279.50,270.250,276.925,273.39,6046,TRUE
5/3/2017,275.550,277.05,272.500,274.950,271.44,1234,TRUE
5/4/2017,274.525,280.25,272.750,277.375,273.83,3148,FALSE
5/5/2017,277.975,287.30,272.750,277.400,273.86,5748,TRUE
5/8/2017,284.175,284.18,273.300,277.650,274.11,826,TRUE
5/9/2017,282.000,283.50,278.300,279.425,275.86,1872,FALSE
5/10/2017,277.950,277.95,263.750,267.800,264.38,6746,FALSE
5/11/2017,266.700,267.55,258.100,259.875,256.56,202898,FALSE
5/12/2017,260.100,263.40,255.000,259.125,255.82,1684,FALSE
5/15/2017,260.000,267.40,256.450,264.475,261.10,2192,FALSE
5/16/2017,270.000,270.00,260.500,262.825,259.47,3014,TRUE
5/17/2017,263.000,264.20,258.000,261.525,258.19,2632,FALSE
5/18/2017,257.000,276.50,256.975,267.000,263.59,5600,FALSE
5/19/2017,264.500,266.48,261.025,263.700,260.33,914,TRUE
5/22/2017,262.175,270.00,262.175,268.175,264.75,1002,FALSE
5/23/2017,263.025,269.00,258.400,264.075,260.70,2044,TRUE
5/24/2017,263.900,265.00,259.400,261.625,258.29,506,TRUE
5/25/2017,262.225,263.75,260.000,261.875,258.53,366,FALSE
5/26/2017,262.850,264.30,258.550,261.475,258.14,3370,TRUE
5/29/2017,259.125,264.50,259.125,263.550,260.19,518,FALSE
5/30/2017,262.925,266.75,261.475,262.600,259.25,478,TRUE
5/31/2017,264.000,282.43,261.000,275.325,271.81,12858,TRUE
6/1/2017,275.425,280.25,275.150,278.725,275.17,6164,TRUE
6/2/2017,275.250,279.13,268.550,272.525,269.05,1804,FALSE
6/5/2017,270.500,274.43,270.000,271.525,268.06,438,FALSE
6/6/2017,269.925,273.48,267.475,270.975,267.52,1914,FALSE
6/7/2017,271.900,281.60,271.900,279.875,276.30,5162,TRUE
6/8/2017,279.825,279.83,269.400,276.625,273.09,4082,TRUE
6/9/2017,272.325,280.00,271.000,276.325,272.80,506666,FALSE
6/12/2017,276.325,281.75,272.100,273.725,270.23,5708,TRUE
6/13/2017,276.900,276.98,271.150,272.875,269.39,592,TRUE
6/14/2017,274.000,277.33,270.200,271.900,268.43,680,FALSE
6/15/2017,272.575,275.48,267.700,270.850,267.39,944,FALSE
6/16/2017,271.825,271.83,267.025,270.650,267.20,1910,FALSE
6/19/2017,268.600,268.65,261.325,262.675,259.32,559842,FALSE
6/20/2017,264.675,266.75,261.000,262.600,259.25,1546,FALSE
6/21/2017,264.675,264.68,251.100,253.375,250.14,784,FALSE
6/22/2017,255.000,262.23,255.000,259.975,256.66,916,FALSE
6/23/2017,255.175,258.85,255.000,257.650,254.36,108,TRUE
6/27/2017,262.650,271.25,262.000,268.700,265.27,7616,TRUE
6/28/2017,282.500,282.50,258.675,262.950,259.59,1222,TRUE
6/29/2017,264.850,266.63,258.025,262.400,259.05,572,FALSE
6/30/2017,262.550,262.55,255.500,257.800,254.51,790,FALSE
7/3/2017,263.475,263.50,256.500,258.275,254.98,2458,TRUE
7/4/2017,259.975,260.00,255.750,258.050,254.76,1296,FALSE
7/5/2017,257.475,259.70,256.400,258.800,255.50,304,FALSE
7/6/2017,257.050,257.98,256.600,257.100,253.82,2670,FALSE
7/7/2017,258.375,258.38,254.975,256.600,253.32,306,TRUE
7/10/2017,255.000,263.73,253.300,254.525,251.28,4788,FALSE
7/11/2017,256.800,257.63,249.325,250.725,247.52,2018,TRUE
7/12/2017,252.000,255.43,251.000,253.875,250.63,846,FALSE
7/13/2017,255.000,262.00,245.000,248.000,244.83,6834,TRUE
7/14/2017,248.000,250.00,239.775,241.300,238.22,4012,FALSE
7/17/2017,243.400,272.00,242.500,253.925,250.68,45718,FALSE
7/18/2017,250.200,262.80,249.475,254.700,251.45,17638,TRUE
7/19/2017,256.000,264.93,255.800,260.200,256.88,5826,TRUE
7/20/2017,260.125,263.25,253.425,256.200,252.93,3524,TRUE
7/21/2017,257.125,262.73,252.000,254.950,251.70,3454,FALSE
7/24/2017,254.200,255.55,247.950,251.400,248.19,3816,FALSE
7/25/2017,252.275,261.88,251.000,253.950,250.71,2758,FALSE
7/26/2017,251.700,266.93,251.700,258.675,255.37,6728,FALSE
7/27/2017,256.500,263.85,253.800,256.050,252.78,2030,TRUE
7/28/2017,255.400,256.45,250.700,254.925,251.67,3822,FALSE
7/31/2017,252.500,260.88,252.500,255.325,252.07,1768,FALSE
8/1/2017,253.000,258.03,252.500,253.525,250.29,1098,TRUE
8/2/2017,255.525,257.00,253.000,253.700,250.46,72,TRUE
8/3/2017,254.325,255.33,250.500,253.400,250.17,2660,FALSE
8/4/2017,251.725,255.95,251.500,252.300,249.08,324,FALSE
8/7/2017,252.550,254.50,247.950,249.825,246.64,1220,TRUE
8/8/2017,248.500,253.35,244.500,248.300,245.13,3650,FALSE
8/9/2017,247.500,250.00,243.900,246.825,243.67,1294,FALSE
8/10/2017,244.450,244.80,230.000,238.275,235.23,3546,FALSE
8/11/2017,233.725,239.63,231.500,233.725,232.69,1644,FALSE
8/14/2017,236.250,237.28,230.625,231.950,230.93,4144,TRUE
8/16/2017,238.525,242.00,233.525,235.975,234.93,1682,TRUE
8/17/2017,244.975,244.98,233.025,234.275,233.24,1688,TRUE
8/18/2017,237.475,237.48,230.875,232.000,230.98,832,FALSE
8/21/2017,235.000,244.00,235.000,238.875,237.82,1464,FALSE
8/22/2017,241.800,241.80,234.200,239.050,238.00,940,TRUE
8/23/2017,238.650,238.65,235.000,237.000,235.96,230,FALSE
8/24/2017,234.075,236.00,232.025,234.025,232.99,1016,FALSE
8/28/2017,233.150,238.48,229.200,232.125,231.10,1662,FALSE
8/29/2017,232.750,237.00,225.850,232.850,231.82,876,FALSE
8/30/2017,232.700,240.98,232.525,240.275,239.22,1206,FALSE
8/31/2017,239.300,243.98,235.700,239.600,238.54,1026,TRUE
9/1/2017,242.450,246.50,239.500,245.150,244.07,4520,TRUE
9/4/2017,240.500,242.55,235.625,238.000,236.95,1430,FALSE
9/5/2017,238.000,243.50,237.000,239.000,237.95,514,FALSE
9/6/2017,238.000,240.00,232.500,234.275,233.24,890,FALSE
9/7/2017,238.500,239.48,234.400,239.425,238.37,540,TRUE
9/8/2017,233.100,234.95,232.500,232.600,231.57,362,FALSE
9/11/2017,243.125,253.00,238.375,239.450,238.39,6394,TRUE
9/12/2017,237.500,245.00,233.000,233.950,232.92,5070,FALSE
9/13/2017,239.600,239.60,234.750,235.250,234.21,834,TRUE
9/14/2017,239.575,239.58,230.975,232.025,231.00,3886,FALSE
9/15/2017,232.500,243.85,230.000,239.225,238.17,5774,FALSE
9/18/2017,243.500,263.75,243.275,253.550,252.43,16610,TRUE
9/19/2017,256.000,262.48,256.000,259.275,258.13,14086,TRUE
9/20/2017,261.875,264.35,255.825,257.175,256.04,6606,TRUE
9/21/2017,259.000,259.50,252.000,256.425,255.29,2922,FALSE
9/22/2017,250.650,254.88,245.000,248.875,247.78,2518,FALSE
9/25/2017,243.000,243.00,237.050,239.950,238.89,1006,FALSE
9/26/2017,244.325,245.28,240.025,242.500,241.43,870,TRUE
9/27/2017,243.525,243.53,235.100,236.225,235.18,1756,FALSE
9/28/2017,237.950,243.40,235.000,240.075,239.02,1220,FALSE
9/29/2017,241.150,250.50,235.550,248.400,247.30,1468,TRUE
10/3/2017,257.300,260.00,250.075,254.350,253.23,6192,TRUE
10/4/2017,259.750,262.13,254.350,257.800,256.66,2446,TRUE
10/5/2017,259.000,259.23,252.275,253.775,252.66,6704,FALSE
10/6/2017,253.500,256.00,252.500,255.625,254.50,80,FALSE
10/9/2017,257.500,301.55,256.950,259.125,257.98,3182,TRUE
10/10/2017,254.400,270.28,254.400,265.425,264.25,6364,FALSE
10/11/2017,270.000,274.50,257.025,259.450,258.31,3072,TRUE
10/12/2017,260.000,268.50,256.800,261.250,260.10,5862,FALSE
10/13/2017,261.500,262.48,255.000,256.000,254.87,1664,TRUE
10/16/2017,263.475,263.50,256.525,257.325,256.19,1320,TRUE
10/17/2017,260.350,261.95,257.600,259.150,258.01,498,FALSE
10/18/2017,260.200,266.00,258.875,261.475,260.32,2248,FALSE
10/19/2017,274.300,274.30,260.675,264.125,262.96,910,TRUE
10/23/2017,257.200,262.50,256.000,259.400,258.26,4572,FALSE
10/24/2017,259.975,260.13,257.500,258.250,257.11,662,TRUE
10/25/2017,259.850,263.00,257.000,257.200,256.07,662,FALSE
10/26/2017,257.000,258.95,256.250,256.500,255.37,1062,FALSE
10/27/2017,255.500,269.25,255.275,258.075,256.94,2612,FALSE
10/30/2017,262.075,262.50,257.500,259.550,258.41,2356,TRUE
10/31/2017,262.675,266.50,259.200,264.700,263.53,2854,TRUE
11/1/2017,270.000,273.78,259.025,261.500,260.35,3518,TRUE
11/2/2017,259.075,263.55,257.500,260.100,258.95,2252,FALSE
11/3/2017,263.475,263.48,259.025,259.600,258.46,184,TRUE
11/6/2017,259.900,263.90,255.000,255.525,254.40,2356,FALSE
11/7/2017,255.000,263.00,255.000,259.175,258.03,4268,FALSE
11/8/2017,261.575,272.50,259.500,263.175,262.01,8760,TRUE
11/9/2017,274.000,274.00,255.250,262.275,261.12,3396,TRUE
11/10/2017,261.000,263.75,259.000,260.250,259.10,2788,FALSE
11/13/2017,261.250,265.00,260.550,263.575,262.41,980,TRUE
11/14/2017,261.150,266.93,260.000,262.550,261.39,1534,FALSE
11/15/2017,260.000,263.70,259.375,260.050,258.90,2012,FALSE
11/16/2017,267.500,267.50,256.700,259.825,258.68,372,TRUE
11/17/2017,264.950,264.95,260.275,261.900,260.75,1970,FALSE
11/20/2017,263.500,264.08,259.750,261.575,260.42,2134,FALSE
11/21/2017,264.350,267.45,261.200,265.025,263.86,4000,TRUE
11/22/2017,262.525,268.05,262.500,265.150,263.98,2926,FALSE
11/23/2017,265.050,275.85,265.000,271.950,270.75,2876,TRUE
11/24/2017,270.550,276.50,270.000,274.975,273.76,974,TRUE
11/27/2017,276.500,281.00,272.725,280.000,278.77,1936,TRUE
11/28/2017,282.500,330.00,282.500,313.425,312.04,54276,TRUE
11/29/2017,315.675,322.33,310.000,313.000,311.62,6652,TRUE
11/30/2017,308.000,342.50,305.025,319.100,317.69,38010,FALSE
12/1/2017,319.100,329.35,307.500,310.150,308.78,12588,TRUE
12/4/2017,302.500,358.55,302.500,339.350,337.85,129096,FALSE
12/5/2017,342.500,351.60,328.400,337.500,336.01,33300,TRUE
12/6/2017,665.000,690.00,645.000,650.000,647.13,18320,TRUE
12/7/2017,329.300,334.03,325.000,326.075,324.64,5594,FALSE
12/8/2017,332.450,338.05,323.525,324.700,323.27,8774,TRUE
12/11/2017,325.850,334.95,322.250,326.050,324.61,7084,FALSE
12/12/2017,326.025,326.63,311.400,315.925,314.53,7544,TRUE
12/13/2017,315.250,315.25,305.000,307.300,305.95,6990,FALSE
12/14/2017,306.000,310.68,294.600,296.650,295.34,4124,FALSE
12/15/2017,299.075,319.50,299.050,312.325,310.95,9694,FALSE
12/18/2017,310.000,318.00,284.000,313.075,311.69,4744,TRUE
12/19/2017,317.250,324.50,314.925,317.150,315.75,4010,TRUE
12/20/2017,318.500,322.40,316.500,317.900,316.50,1134,TRUE
12/21/2017,317.000,322.48,315.000,317.125,315.73,8552,FALSE
12/22/2017,317.000,317.35,307.500,309.675,308.31,1398,FALSE
12/26/2017,315.800,315.80,306.550,307.900,306.54,1170,FALSE
12/27/2017,310.000,314.18,303.525,307.075,305.72,3098,FALSE
12/28/2017,309.000,311.95,302.875,304.725,303.38,4638,FALSE
12/29/2017,308.100,308.10,302.525,304.125,302.78,750,FALSE
1/1/2018,303.600,315.00,302.500,309.850,308.48,836,FALSE
1/2/2018,304.025,304.18,300.000,300.575,299.25,1750,TRUE
1/3/2018,303.475,328.50,301.825,324.525,323.09,11126,FALSE
1/4/2018,325.125,329.35,313.600,316.775,315.38,6760,TRUE
1/5/2018,319.000,321.93,311.350,314.050,312.67,1738,FALSE
1/8/2018,319.500,319.50,308.875,313.650,312.27,1334,TRUE
1/9/2018,311.550,324.50,309.775,313.875,312.49,1812,FALSE
1/10/2018,314.925,321.50,309.175,312.875,311.50,4532,TRUE
1/11/2018,313.025,317.78,311.000,314.025,312.64,33852,FALSE
1/12/2018,317.650,317.73,308.000,310.200,308.83,1610,TRUE
1/15/2018,307.500,372.00,307.500,355.650,354.08,187836,FALSE
1/16/2018,357.000,357.00,333.800,337.525,336.04,60876,TRUE
1/17/2018,338.725,339.00,321.250,334.575,333.10,20488,FALSE
1/18/2018,330.300,334.93,319.500,322.050,320.63,16618,FALSE
1/19/2018,323.250,345.00,323.250,332.325,330.86,30470,FALSE
1/22/2018,333.900,337.95,327.500,328.375,326.93,8726,TRUE
1/23/2018,332.000,335.95,324.550,326.225,324.79,5824,FALSE
1/24/2018,315.000,331.55,315.000,321.525,320.11,5670,FALSE
1/25/2018,318.075,328.80,310.625,313.875,312.49,8986,TRUE
1/29/2018,317.825,325.13,306.000,312.750,311.37,14474,FALSE
1/30/2018,310.500,312.93,305.750,306.575,305.22,5942,FALSE
1/31/2018,311.800,311.80,306.000,307.025,305.67,6306,TRUE
2/1/2018,309.775,319.95,305.000,313.800,312.42,8626,FALSE
2/2/2018,313.725,315.18,301.750,303.400,302.06,15032,TRUE
2/5/2018,281.500,316.00,281.500,313.775,312.39,11266,FALSE
2/6/2018,302.000,305.50,294.600,300.025,298.70,10300,TRUE
2/7/2018,300.000,316.50,300.000,305.750,304.40,5798,FALSE
2/8/2018,308.000,312.70,306.500,310.125,308.76,6154,TRUE
2/9/2018,302.500,310.00,301.500,309.200,307.84,2162,FALSE
2/12/2018,312.875,313.98,303.500,308.575,307.21,2944,TRUE
2/14/2018,308.500,323.50,307.500,316.900,315.50,7884,FALSE
2/15/2018,320.000,325.00,316.000,317.625,316.22,8878,TRUE
2/16/2018,315.375,319.83,313.025,315.225,313.84,1538,FALSE
2/19/2018,317.850,318.50,313.000,315.625,314.23,6992,TRUE
2/20/2018,317.000,317.38,314.500,315.875,314.48,1958,FALSE
2/21/2018,322.550,322.55,310.550,316.825,315.43,1892,TRUE
2/22/2018,319.000,324.75,314.500,322.675,321.25,5394,FALSE
2/23/2018,324.900,325.00,323.000,323.400,321.97,5426,TRUE
2/26/2018,327.500,330.45,323.000,323.950,322.52,15538,TRUE
2/27/2018,324.500,324.50,321.425,322.450,321.03,2974,FALSE
2/28/2018,322.500,324.98,320.525,323.275,321.85,2548,FALSE
3/1/2018,325.550,326.50,322.500,323.250,321.82,2610,TRUE
3/5/2018,324.000,324.93,319.075,321.000,319.58,5558,FALSE
3/6/2018,324.375,324.63,318.125,320.100,318.69,4706,TRUE
3/7/2018,318.000,324.18,317.600,318.775,317.37,7982,FALSE
3/8/2018,321.000,321.00,315.550,317.275,315.88,6490,TRUE
3/9/2018,318.700,323.20,316.000,320.975,319.56,5412,FALSE
3/12/2018,323.200,326.75,322.075,325.375,323.94,5186,TRUE
3/13/2018,326.500,326.50,323.525,324.775,323.34,5372,TRUE
3/14/2018,324.600,325.00,323.375,324.100,322.67,6094,FALSE
3/15/2018,324.000,325.00,324.000,324.750,323.32,6258,FALSE
3/16/2018,325.000,330.50,324.000,324.925,323.49,16882,TRUE
3/19/2018,331.500,331.50,323.550,325.075,323.64,7384,TRUE
3/20/2018,322.800,327.50,320.500,325.500,324.06,13698,FALSE
3/21/2018,325.025,332.50,317.800,327.550,326.11,18048,TRUE
3/22/2018,315.000,315.00,288.000,291.900,290.61,34135,FALSE
3/23/2018,288.050,301.45,271.650,292.500,291.21,17826,FALSE
3/26/2018,294.950,298.00,275.700,283.100,281.85,16315,TRUE
3/27/2018,285.850,287.20,272.000,278.400,277.17,12368,FALSE
3/28/2018,276.650,286.15,275.100,283.650,282.40,6426,FALSE
4/2/2018,283.050,296.00,283.000,294.850,293.55,4116,TRUE
4/3/2018,291.000,292.15,280.350,286.850,285.59,1589,TRUE
4/4/2018,287.800,292.00,281.000,289.450,288.17,1702,FALSE
4/5/2018,289.550,292.45,286.700,287.800,286.53,1067,TRUE
4/6/2018,290.950,296.65,280.000,288.350,287.08,18735,TRUE
4/9/2018,290.000,292.00,287.350,289.600,288.32,674,FALSE
4/10/2018,298.850,298.85,288.800,292.700,291.41,3082,TRUE
4/11/2018,294.350,294.35,286.650,289.750,288.47,983,FALSE
4/12/2018,285.000,292.00,281.000,287.850,286.58,2476,FALSE
4/13/2018,292.650,294.00,287.050,290.100,288.82,2718,TRUE
4/16/2018,300.000,300.00,282.450,284.350,283.10,975,TRUE
4/17/2018,286.000,289.45,282.000,283.500,282.25,2480,FALSE
4/18/2018,288.550,288.55,278.500,283.200,281.95,1797,TRUE
4/19/2018,284.700,289.00,284.400,287.350,286.08,2679,FALSE
4/20/2018,283.000,292.35,281.000,287.500,286.23,2040,FALSE
4/23/2018,284.500,288.75,281.800,282.750,281.50,1980,TRUE
4/24/2018,283.000,290.00,280.300,285.750,284.49,2322,FALSE
4/25/2018,290.250,290.50,283.000,286.600,285.34,1785,TRUE
4/26/2018,283.000,283.30,275.000,281.500,280.26,3236,FALSE
4/27/2018,280.650,284.95,280.100,283.350,282.10,1055,FALSE
4/30/2018,278.050,281.00,276.100,279.950,278.72,296,FALSE
5/2/2018,276.250,279.95,275.250,276.850,275.63,1266,FALSE
5/3/2018,278.350,278.35,275.000,275.500,274.29,769,TRUE
5/4/2018,278.000,278.60,274.150,276.050,274.83,1463,FALSE
5/7/2018,278.050,280.00,270.000,273.900,272.69,8821,TRUE
5/8/2018,275.000,278.20,275.000,277.300,276.08,742,FALSE
5/9/2018,278.600,285.25,270.200,277.500,276.28,1956,TRUE
5/10/2018,281.800,281.90,275.000,278.050,276.82,746,TRUE
5/11/2018,275.500,280.65,271.500,277.950,276.72,1665,FALSE
5/14/2018,276.050,281.85,274.000,274.800,273.59,1196,TRUE
5/15/2018,277.950,277.95,270.100,272.300,271.10,1659,TRUE
5/16/2018,273.100,276.00,270.100,275.450,274.24,1095,FALSE
5/17/2018,271.450,280.00,270.100,277.150,275.93,1329,FALSE
5/18/2018,278.000,279.75,275.000,276.550,275.33,896,TRUE
5/21/2018,272.000,277.30,265.000,270.300,269.11,1668,FALSE
5/22/2018,263.250,275.00,260.950,272.250,271.05,1179,FALSE
5/23/2018,274.500,279.00,273.000,273.250,272.05,1394,TRUE
5/24/2018,278.950,279.00,271.800,275.000,273.79,129,TRUE
5/25/2018,276.000,277.95,272.050,273.050,271.85,121,FALSE
5/28/2018,276.850,276.85,267.250,267.900,266.72,364,TRUE
5/29/2018,269.000,269.15,264.200,265.000,263.83,812,FALSE
5/30/2018,270.950,278.00,267.950,274.100,272.89,505,TRUE
5/31/2018,265.650,267.00,259.000,260.800,259.65,2817,FALSE
6/1/2018,256.550,268.80,252.200,261.050,259.90,5686,FALSE
6/4/2018,260.000,260.00,245.050,248.350,247.26,859,TRUE
6/5/2018,239.200,244.90,234.100,236.250,235.21,551224,FALSE
6/6/2018,235.000,248.00,231.000,245.900,244.82,2514,FALSE
6/7/2018,245.200,250.00,243.200,249.800,248.70,916,TRUE
6/8/2018,242.100,255.00,235.000,250.500,249.40,1415,FALSE
6/11/2018,248.850,259.90,248.800,251.850,250.74,545,TRUE
6/12/2018,254.200,265.95,250.000,261.450,260.30,2806,TRUE
6/13/2018,257.450,261.00,250.000,257.850,256.71,10515,TRUE
6/14/2018,261.900,263.20,258.650,258.800,257.66,468,TRUE
